,minutes_to_event,stake
minutes_to_event,1.0,-0.5305874631464148
stake,-0.5305874631464148,1.0
